{"Ridge_best_params": {"alpha": 10.0}, "_timestamp": 1719305948.9401758, "_runtime": 19.00299382209778, "_step": 11, "Ridge_MSE": 21.73106517808278, "Ridge_R2": 0.749853646579017, "Lasso_best_params": {"alpha": 0.1}, "Lasso_MSE": 22.14949678237027, "Lasso_R2": 0.7450370791852486, "SVR_best_params": {"C": 10.0, "kernel": "rbf"}, "SVR_MSE": 8.638350337698721, "SVR_R2": 0.9005639245549908, "RandomForest_best_params": {"max_depth": null, "n_estimators": 200}, "RandomForest_MSE": 2.0150814461633666, "RandomForest_R2": 0.976804391709596, "Ridge_test_MSE": 24.495845619667406, "Ridge_test_R2": 0.6659677905050341, "Lasso_test_MSE": 25.656739367167685, "Lasso_test_R2": 0.6501375183238985, "SVR_test_MSE": 12.738202847389026, "SVR_test_R2": 0.8262982993862371, "RandomForest_test_MSE": 8.398433306372553, "RandomForest_test_R2": 0.8854766119455227, "_wandb": {"runtime": 18}}